model,term,estimate,std.error,statistic,p_value
Model 1 (Evaluative),(Intercept),-0.12399977096442776,0.006097974049236067,-20.334584890528028,0
Model 1 (Evaluative),mean_closeness,0.03490357065324805,0.0019506702919260704,17.893116431677772,0
Model 1 (Evaluative),mean_trust,0.005892357409138664,7.083942867915757e-4,8.317906452670641,0
Model 2 (+ Duration),(Intercept),-0.14343439622746143,0.006364214470067756,-22.537643396850257,0
Model 2 (+ Duration),mean_closeness,0.03885606601991163,0.0019815984737184917,19.608445674162127,0
Model 2 (+ Duration),mean_trust,0.00758231294198941,7.239097648971129e-4,10.474113362826458,0
Model 2 (+ Duration),mean_duration,-0.0013221785471212943,1.1887955224470023e-4,-11.122001405252082,0
Model 3 (+ Salience),(Intercept),-0.15967495124482564,0.0062059614036028094,-25.729285256612766,0
Model 3 (+ Salience),mean_closeness,0.023716303844170596,0.0020580080299695243,11.523912199954728,0
Model 3 (+ Salience),mean_trust,0.00656925603585962,7.045498037473011e-4,9.324047783307305,0
Model 3 (+ Salience),mean_duration,-0.0013258040188118725,1.1694117532216644e-4,-11.337358421098095,0
Model 3 (+ Salience),cognitive_salience,0.0038274323967081754,1.7780891362848328e-4,21.5255372669633,0
Model 4 (Full Rank),(Intercept),67.5448713336179,1.3565666845239592,49.79104389351893,0
Model 4 (Full Rank),mean_closeness,-6.193226622756193,0.44637356370712206,-13.874537217933765,0
Model 4 (Full Rank),mean_trust,-0.37640975300324386,0.1534369356383601,-2.4531886760982684,0.014159604767219225
Model 4 (Full Rank),mean_duration,-0.2216112145494031,0.02527354373914085,-8.768505787583573,0
Model 4 (Full Rank),cognitive_salience,-1.0855018693744887,0.038475534141091394,-28.212782320159814,0
