model,term,estimate,std.error,statistic,p_value,stars
Model 1: Turnover,(Intercept),-0.20673780961342844,0.022695550414221353,-9.109178047688308,0,***
Model 1: Turnover,turnover,0.3710298402827504,0.030569073267699018,12.137425202052205,0,***
Model 2: Structural Topology,(Intercept),-0.20977501611534904,0.027901163009413556,-7.518504373619593,5.551115123125783e-14,***
Model 2: Structural Topology,turnover,0.3462795108296266,0.030058209903345543,11.520297181472705,0,***
Model 2: Structural Topology,pct_activity_change,2.652488048760381e-4,3.592088945809482e-5,7.384249356783784,1.532107773982716e-13,***
Model 2: Structural Topology,egonet_clustering,0.023057618977207452,0.023392122344964406,0.9857001702186736,0.32428026593269,
Model 2: Structural Topology,egonet_density,0.0021663787574069406,0.02269228545717469,0.09546763200627682,0.9239433987221295,
Model 3: Integrated Full,(Intercept),-0.17008400476851615,0.04295075047287045,-3.9599774834190282,7.495683055469549e-5,***
Model 3: Integrated Full,turnover,0.34855886690277754,0.0369987420949399,9.420830200344781,0,***
Model 3: Integrated Full,pct_activity_change,1.95356348958703e-4,4.8082083512216895e-5,4.062975950471573,4.845102311357152e-5,***
Model 3: Integrated Full,egonet_clustering,0.040768226377132205,0.022887830220482557,1.7812184896691647,0.07487676424479472,
Model 3: Integrated Full,extraversion,-0.004808373129373449,0.005401548101842432,-0.8901842654577758,0.3733669519648495,
Model 3: Integrated Full,neuroticism,-0.018019186797625517,0.007200668294077268,-2.502432560662009,0.012334312204706377,*
Model 3: Integrated Full,cesd_depression,7.880559745467804e-4,7.420652972013132e-4,1.0619765908996421,0.28824631246991816,
